title,description,topic,sentiment
Why is Kamala Harris still asking for campaign donations?,"A week after losing the election, Kamala Harris's team are still appealing for funds.",Campaign Activity,negative
The blue wall was Kamala Harris' clearest path to the White House. Here's why it faded away.,Vice President Harris sought to bring together the coalition that had elected President Biden. But an array of challenges proved to be insurmountable.,Analysis,negative
Chris Christie: Most effective Trump ad was â€˜Kamala Harris is for they/themâ€™,,Trump,negative
Harris Surrogate Says Joe Biden Gave a â€˜Big F Youâ€™ to Fellow Democrats With Kamala Endorsement | Video,,Fallout & Moving Forward,neutral
Canvassing for Kamala Harris in Pennsylvania,Jennifer Egan writes about going door to door in Philadelphia and Allentown before the 2024 election in order to rally support for the Democrat in her campaign against Donald Trump.,Campaign Activity,neutral
"No, Oprah Winfrey Wasn't Paid $1 Million To Endorse Kamala Harris","""Oprah was not paid. The internet is a machine that devours trust"" â€” Hank Green.View Entire Post â€º",Celebrity,neutral
Jill Biden's apparent cold shoulder for Kamala Harris ignites social media,,Fallout & Moving Forward,negative
"I spent Election week on Twitter (X) but I didn't have to see political posts. This extension uses AI to block mentions of Donald Trump, Kamala Harris, or politics.",A new browser extension uses AI to filter out political content from X (formerly Twitter).,Fallout & Moving Forward,neutral
Pharrell Williams Denies Dissing Taylor Swift's Kamala Harris Endorsement,Pharrell Williams criticized music stars on both sides of the aisle campaigning for their presidential picks ahead of the election ... but is flat-out denying he was gunning at Taylor Swift!!! The superproducer-turned-Louis Vuitton fashion czarâ€¦,Celebrity,neutral
"Joe Biden, Kamala Harris Out Together for 1st Time Since Election Loss","President Joe Biden and Vice President Kamala Harris are carrying on after last week's election loss ... with the political team stepping out for a Veterans Day ceremony. The president and his VP were back on duty Monday, attending a laying of aâ€¦",Campaign Activity,neutral
Alan Ruck Thinks 'Misogyny' Played a Factor in Kamala Harris' Loss,"Alan Ruck is weighing in on the results of the 2024 presidential election ... sharing his belief that ""misogyny"" played a role in Kamala Harris' big loss. We caught up with the ""Succession"" star at LAX after the election, and he admitted he wasâ€¦",Analysis,neutral
Jimmy Kimmel Says Donald Trump's Victory Over Kamala Harris Was a 'Terrible Night',"Jimmy Kimmel got choked up during the opening monologue of his late-night show, telling his audience it was ""terrible"" that Donald Trump beat Kamala Harris in the 2024 presidential election. The comedian came out onstage Wednesday evening forâ€¦",Fallout & Moving Forward,positive
Kamala Harris Could Earn Big Bucks With Speaking Gigs After Election Loss,"Vice President Kamala Harris may've lost the 2024 Presidential Election, but her future is still looking bright ... the politician could rake in the dough with speaking engagements. Darren Prince, the CEO of Prince Marketing Group, tells TMZ ...â€¦",Fallout & Moving Forward,positive
Andrew Yang Says Kamala Harris Screwed Up by Not Going on Joe Rogan Podcast,"Andrew Yang says Kamala Harris made a major misstep during the campaign ... claiming she should've spent a few hours in Austin, Texas -- speaking to Joe Rogan! The 2020 presidential candidate stopped by ""TMZ Live"" Friday to talk about why Democratsâ€¦",Analysis,negative
Beyond abortion rights: Why did Kamala Harris lose womenâ€™s votes?,The number of American women voting Democratic declines after Joe Biden's election to the presidency. Why?,Analysis,negative
How Kamala Harris and the Democrats lost the 2024 US election,Marc Lamont Hill dissects the reasons behind a historic election victory for Donald Trump.,Analysis,negative
Oprah Winfrey Details How Her Company Spent $1 Million From Kamala Harrisâ€™ Campaign on â€˜Unite for Americaâ€™,"Despite the inaccurate reporting and speculation that Oprah Winfrey was personally paid by the Kamala Harris campaign to participate in the â€œUnite for Americaâ€ livestream rally in September, Winfrey has once again confirmed that the $1 million spent by the caâ€¦",Celebrity,neutral
"Media CEOs Weigh In On Washington Post And LA Times Non-Endorsements Of Kamala Harris, AI And Covering Trump 2.0","In a wide-ranging discussion Wednesday about the unsettled state of journalism, two media CEOs weighed in on covering Donald Trump and the decision by the Washington Post and LA Times to not endorse a presidential candidate. Steve Hasker, CEO of Thomson Reuteâ€¦",Analysis,neutral
John Oliver Jokes Katy Perryâ€™s â€œIll-Advisedâ€ Whitney Houston Cover Is To Blame For Kamala Harrisâ€™ Election Loss: â€œItâ€™s OK Not To Have The Rangeâ€,"In an episode dedicated to unpacking the 2024 presidential election results, John Oliverâ€™s through-line toward making sense of Kamala Harrisâ€™ loss was a running joke pinning the blame on Katy Perryâ€™s â€œill-advisedâ€ cover of Whitney Houstonâ€™s â€œGreatest Love of â€¦",Fallout & Moving Forward,neutral
"Joe Biden, In First Speech Since Kamala Harrisâ€™ Loss To Donald Trump, Says â€œA Defeat Does Not Mean We Are Defeatedâ€","In his first speech since Kamala Harris lost the presidential race to Donald Trump, President Joe Biden vowed a peaceful transition of power and said that many of his administrationâ€™s accomplishments would be felt over the next decade. In his Rose Garden addrâ€¦",Fallout & Moving Forward,neutral
"Oprah Winfrey Says She Was Not Paid To Endorse Kamala Harris, And Thereâ€™s A Legal Reason Why VPâ€™s Campaign Spent $1 Million On Harpo Productions",Oprah Winfrey has tried to tamp down the notion â€” which has gotten some traction on social media â€” that she was paid $1 million to endorse Kamala Harris. The story gained fuel after a Washington Times story that cited campaign finance records showing that Oprâ€¦,Celebrity,negative
Kamala Harris drinks wine and plays Connect 4 in joyful post-election pic posted by her niece,"What would you do if you'd just been dealt a devastating, extremely public defeat? If your answer is ""drink wine in leggings,"" then Vice-President and former Democratic U.S. presidential candidate Kamala Harris can do you one better: Drink wine in leggings, sâ€¦",Fallout & Moving Forward,positive
The women's wave fell short for Kamala Harris. What happened?,"During an antagonistic race for the White House, both candidates tried to turn the gender gap among voters to their advantage, with Harris focusing on reproductive freedom as a cornerstone of her campaign and Trump doubling down on a hypermasculine strategy tâ€¦",Analysis,negative
What Kamala Harrisâ€™ Loss Says About Female Leadership. Plus: Asiaâ€™s Most Powerful Businesswomen In 2024,"Welcome to this weekâ€™s ForbesWomen newsletter, which every Thursday brings news about the worldâ€™s top female entrepreneurs, leaders and investors straight to your inbox.",Analysis,neutral
Kamala Harris Fundraising Going Towards 'Recount',Donations to the vice president's campaign on ActBlue are now being partially rerouted towards a vote recount effort.,Campaign Activity,neutral
"Kamala Harris' Radical, Inflexible Policies Lost Her the Catholic Vote | Opinion","America has narrowly dodged a bigot. Throughout Kamala Harris' presidential campaign, the incumbent vice president made no attempts to appeal to Catholic voters. Instead, she insulted us all the way to the finish line. Just weeks before Election Day, Harris sâ€¦",Analysis,negative
The Real Reason Why Kamala Harris' Interview With Joe Rogan Was Called Off,"In the final days of the presidential race, eyebrows were raised after podcaster Joe Rogan announced he had rejected the terms of an interview with the Democratic nominee, Vice President Kamala Harris. After Harris' stinging defeat by now President-elect Donaâ€¦",Analysis,neutral
Judge Recused in Arizona 'Fake Electors' Case after Kamala Harris Remark,"An Arizona judge has recused himself from a ""fake electors"" case against Trump allies after being accused of anti-Trump bias due to comments he made about Kamala Harris. Maricopa County's Judge Bruce Cohen recused himself after emails surfaced in which he calâ€¦",Fallout & Moving Forward,neutral
Kamala Harris Campaigned on 'Joy.' Now It's Republicans Having All the Fun,"How Donald Trump went from Democratic supervillain to silly dancing grandpa, and what that reflects in the wider culture.",Analysis,negative
One sentence sums up Kamala Harris' misread of the election,Why Harris lost the election to Trump is a complicated question. Part of it is tied to her failure to outline what she would have done differently than Biden.,Analysis,negative
Kamala Harris' Celebrity Endorsements Didn't Matter. Can They Shift Voters?,"Vice President Kamala Harris' failure to win the presidency has called into question the Democrats' tactics, including the amplification of celebrity endorsements that seemed to make little impact on the final result. Harris picked up momentum early on when sâ€¦",Analysis,negative
Kamala Harris Photo Shows Her Laughing With Family Days After Election Loss,"Kamala Harris' niece shared a photo of the vice president with her great nieces after her loss to President-elect Donald Trump following the 2024 presidential election. ""Back to where it all began only a few months ago. My eternal gratitude to everyone who shâ€¦",Fallout & Moving Forward,neutral
Oprah Winfrey Denies Claim She Was Paid $1M by Kamala Harris Campaign,Oprah Winfrey is setting the record straight on her involvement with Kamala Harris' presidential campaign. The former talk show host denied rumors that she was paid a $1 million personal fee to...,Celebrity,neutral
BeyoncÃ©'s Mom Slams Rumor She Got $10 Million for Kamala Harris Rally,"You know you're BeyoncÃ© when you cause all this conversation. The ""Formation"" singer's mother Tina Knowles shut down rumors that her daughter was paid $10 million to speak at a Kamala Harris rally...",Celebrity,neutral
$1.5 billion in 15 weeks: Kamala Harrisâ€™ INSANE campaign spending exposed,"Kamala Harrisâ€™ campaign took a nosedive toward the end, and upon closer look, her wasteful spending may have played a major role â€” as the vice president reportedly burned through $1.5 billion within just 15 weeks.  â€œShe was able to spend $1.5 billion in 15 weâ€¦",Campaign Activity,negative
Biden sounds upbeat in first speech since devastating election loss for Kamala Harris: 'Giving up is unforgivable',President Joe Biden appeared almost happy in the first speech he's given since the devastating loss for Vice President Kamala Harris in the election. Biden spoke for about 10 minutes from the White House on Thursday and tried to encourage supporters to keep fâ€¦,Fallout & Moving Forward,neutral
Was Kamala Harris a Victim of the Glass Cliff?,"Donald Trump thoroughly beat Vice President Kamala Harris in this weekâ€™s election, winning the electoral college and popular vote. Was this a further example of the glass cliff, where The post Was Kamala Harris a Victim of the Glass Cliff? appeared first on Iâ€¦",Analysis,neutral
Kamala Harris Came Much Closer to Winning Than You Think,"Nobody should blame Kamala Harris for Trumpâ€™s election. In retrospect, the Biden administrationâ€™s perceived failures were a hill too steep to climb, but Harris came closer that you might think to an Electoral College win.",Analysis,positive
Why Kamala Harris Bailed on Joe Rogan,"In the closing weeks of the 2024 presidential campaign, Vice President Kamala Harris had an opportunity to appear on the Joe Rogan Experience, the most",Analysis,neutral
Oprah Winfrey Denies Being Paid to Endorse Kamala Harris,"Oprah Winfrey is denying allegations that she was paid to endorse Kamala Harris ahead of the election. Fox News, among other outlets, reported over the weekend, â€œVice President Kamala Harris paid Oprah Winfreyâ€™s Harpo Productions $1 million, just one example â€¦",Celebrity,negative
"Oprah Winfrey Further Clarifies False Kamala Harris Endorsement Money Story, Reveals Who Was Actually Paid","Oprah Winfrey is further clarifying allegations that she was paid to endorse Kamala Harris. If you donâ€™t know, the night before the 2024 Presidential Election, Oprah was in attendance at VP Harrisâ€˜ final rally in Philadelphia to energize voters in Pennsylvaniâ€¦",Celebrity,neutral
Tina Knowles Hits Back at False Reports That BeyoncÃ© Was Paid to Speak at Kamala Harris Houston Rally,Tina Knowles is hitting back at Candace Owens. On Friday (November 15) the 35-year-old far-right political commentator shared a video on Instagram in which she accused BeyoncÃ© of being paid $10 million to speak at Kamala Harrisâ€˜ Houston rally last month. The â€¦,Celebrity,neutral
Kamala Harris' Stepdaughter Ella Emhoff Slams Reports She Had 'Mental Breakdown' After Presidential Election 2024,"Ella Emhoff is responding to the recent headlines about her. Over the past few days, there has been a lot of rumors on social media that the 25-year-old model, who is the daughter of Second Gentleman Doug Emhoff, had a â€œmental breakdownâ€ and checked into a hoâ€¦",Fallout & Moving Forward,neutral
Andy Cohen Claps Back at Troll Over Celebrity Endorsements For Kamala Harris,"Andy Cohen is hitting back at someone for their comment on one of his recent posts. The Watch What Happens Live host shared on Instagram video on Wednesday (November 6) talking about the results of the 2024 Presidential Election, where Donald Trump was announâ€¦",Fallout & Moving Forward,neutral
Kamala Harris Deserved Betterâ€”and Thereâ€™s No Easy Explanation for Why She Didnâ€™t Get It,Joan Walsh    Consider how resoundingly she succeeded in her 107-day campaignâ€”and what that means about how deep the problems are that we need to solve.       The post Kamala Harris Deserved Betterâ€”and Thereâ€™s No Easy Explanation for Why She Didnâ€™t Get It appâ€¦,Analysis,positive
Comparing Kamala Harris' and Hillary Clinton's performances against Trump,Hillary Clinton attempted to shatter the highest glass ceiling in U.S. politics and went up against now-President-elect Donald Trump in 2016. CBS News deputy director of elections and data analytics Kabir Khanna compares her performance with Vice President Kaâ€¦,Analysis,neutral
"Kamala Harris campaign staff emotionally devastated after election loss, concession to Trump",Vice President Kamala Harris' campaign staff is coming to grips and trying to understand what went wrong in the wake of their loss to Donald Trump. CBS News campaign reporter Shawna Mizelle reports on that and Bernie Sanders' post-election criticism of the Deâ€¦,Fallout & Moving Forward,neutral
"Biden delivers first remarks since election, calls Kamala Harris' loss to Trump a setback","President Biden addressed the nation Thursday for the first time since Kamala Harris' loss to Donald Trump in the election, which Mr. Biden referred to as a setback. The president said he would work with the president-elect's team to ensure a peaceful transitâ€¦",Fallout & Moving Forward,neutral
Where do Democrats go after Kamala Harris' election loss to Trump,The Democratic Party is taking stock of what went wrong and how they can move forward after Kamala Harris' election loss to Donald Trump. Democratic strategist Hyma Moore joined CBS News to discuss how the party might try to regroup.,Fallout & Moving Forward,neutral
Former Kamala Harris aide says Joe Biden should resign so she can serve as 47th president,"Former Harris communications director Jamal Simmons said on CNN that Joe Biden could step down, allowing Kamala Harris to serve as the 47th president.",Fallout & Moving Forward,positive
"Trump taps Brendan Carr, who opposed Kamala Harris' SNL cameo, to lead the FCC",,Trump,neutral
Why Kamala Harris lost: A flawed candidate or doomed campaign?,,Analysis,negative
Kamala Harris Was Always Doomed,"The presidential race was not unpredictable, as the now once again discredited polls swore to us. The Republicans had made massive gains in voter registration... Read More The post Kamala Harris Was Always Doomed appeared first on The Daily Signal.",Analysis,negative
FAITH REALIGNMENT: Which Religious Group Voted for Kamala Harris?,"Most Catholics and Protestants say they voted for the once and future president, Donald Trump, in Tuesdayâ€™s election, while most nonreligious Americans seem to have... Read More The post FAITH REALIGNMENT: Which Religious Group Voted for Kamala Harris? appearâ€¦",Analysis,neutral
Voters in Kamala Harrisâ€™ Hometown Smack Down Initiative to Tax Natural Gas Use,"DAILY CALLER NEWS FOUNDATIONâ€”Voters in Berkeley, California, soundly rejected a proposal that would have required owners of certain larger buildings to pay a fee in... Read More The post Voters in Kamala Harrisâ€™ Hometown Smack Down Initiative to Tax Natural Gâ€¦",Fallout & Moving Forward,negative
This photo of Kamala Harris shows us exactly how to survive Trump's second term,Vice President Kamala Harris' niece Meena Harris shared photos of the vice president playing Connect 4 with Meena's granddaughters.,Fallout & Moving Forward,neutral
Kamala Harrisâ€™ campaign didnâ€™t ignore working class voters,There are a couple of problems with Bernie Sandersâ€™ argument that Democrats have abandoned the working class. The most obvious and glaring is that it simply isnâ€™t true.,Analysis,neutral
Kamala Harris just did what Donald Trump never could,The vice president revived the 220-year-old tradition of peaceful transfer of power that Donald Trump broke in 2020.,Analysis,positive
"Sorry not sorry, JD Vance â€” 'Normal' gays still voted for Kamala Harris","An overwhelming 86 percent of LGBTQ+ voters backed the Vice President, compared to just 12 percent who voted for Trump.",Analysis,positive
Kamala Harris raised $1 billion-plus in defeat. She's still sending persistent appeals to donors,,Campaign Activity,neutral
James Carville says Kamala Harris' failed campaign could be reduced to Sunny Hostin's question on 'The View',,Fallout & Moving Forward,neutral
The Left Didnâ€™t Sink Kamala Harris. Here's What Did.,"Waleed Shahid    Itâ€™s easier to blame activists, but far more powerful forces have led Democrats to neglect the real crises facing Americans.       The post The Left Didnâ€™t Sink Kamala Harris. Here's What Did. appeared first on The Nation.",Analysis,negative
Kamala Harris ran a historic campaign. What will her legacy be?,"Vice President Kamala Harris made history as the first woman of color to lead the ticket of a major party. But despite her historic run, she ultimately lost. What will her legacy be?<br><br>For sponsor-free episodes of <em>Consider This,</em> sign up for C<emâ€¦",Fallout & Moving Forward,neutral
Why Kamala Harris Got So Many Fewer Votes Than Biden,Social media posts after the presidential election were abuzz about the disparity in the vote tally from 2020 to 2024.  Preliminary counts show President-elect Donald... Read More The post Why Kamala Harris Got So Many Fewer Votes Than Biden appeared first onâ€¦,Analysis,negative
Former Communications Director for Kamala Harris Suggests 'Biden Should Resign',"Vice President Kamala Harris's former communications director Jamal Simmons suggested that President Joe Biden ""should resign"" in order to make Harris ""the first woman president."" The post Former Communications Director for Kamala Harris Suggests â€˜Biden Shoulâ€¦",Fallout & Moving Forward,positive
Report: Kamala Harris Campaign Paid Oprah Winfrey $1 Million,Oprah Winfrey -- who is estimated to be a billionaire -- appeared alongside Kamala Harris in a televised townhall-style interview in September and later at a rally in Philadelphia the night before the election where the former talkshow queen fear-mongered towâ€¦,Celebrity,negative
Chicago Tribune Editorial Board Scolds Oprah Winfrey over $1 Million Kamala Harris Payment to Harpo Productions,"Oprah Winfrey is getting chewed out by her hometown newspaper, The Chicago Tribune, whose editorial board has chastised the former talkshow queen over the $1 million her production company reportedly received from the Kamala Harris campaign to produce the canâ€¦",Celebrity,negative
Nolte: Kamala Harris Way In Front of 2028 Democrat Presidential Contenders,"Kamala Harris leads her closest potential 2028 Democrat presidential contender by 33 points, according to polling from Echelon Insights. The post Nolte: Kamala Harris Way In Front of 2028 Democrat Presidential Contenders appeared first on Breitbart.",Fallout & Moving Forward,positive
Fetterman Slams Nancy Pelosi for 'Blaming Biden' over Kamala Harris Election Loss: 'You Got What You Wanted',"Sen. John Fetterman (D-PA) slammed Rep. Nancy Pelosi (D-CA) for ""blaming"" President Joe Biden for Vice President Kamala Harris's election loss, noting that she got what she wanted when Biden dropped out of the race. The post Fetterman Slams Nancy Pelosi for â€˜â€¦",Fallout & Moving Forward,negative
"Tulane Women's Basketball Coach Wears Kamala Harris Shirt to First Game After Election, Loses Game","Tulane women's basketball coach Ashley Langford went viral after appearing on the sidelines wearing a Kamala Harris campaign shirt. The post Tulane Womenâ€™s Basketball Coach Wears Kamala Harris Shirt to First Game After Election, Loses Game appeared first on Bâ€¦",Fallout & Moving Forward,negative
Survey: Over Half of Kamala Harris Voters Want to Relocate After Donald Trump's Election Victory,A survey published Friday shows that some citizens are ready to pick up and move now that President-elect Donald Trump won the election. The post Survey: Over Half of Kamala Harris Voters Want to Relocate After Donald Trumpâ€™s Election Victory appeared first oâ€¦,Fallout & Moving Forward,positive
VIDEO -- Tim Walz's Daughter Speaks Out About Election Results: U.S. 'Does Not Deserve Kamala Harris',"Democrat Minnesota Gov. Tim Walz's daughter, Hope, spoke out about the results of the presidential election, stating that the United States ""does not deserve"" Vice President Kamala Harris. The post VIDEO â€” Tim Walzâ€™s Daughter Speaks Out About Election Resultsâ€¦",Fallout & Moving Forward,positive
'The Big Short' Director Adam McKay Encourages Voters to Abandon Democrats over Kamala Harris Loss,"Adam McKay -- who directed the 2018 Dick Cheney biopic ""Vice"" -- is encouraging voters to abandon the Democrat party in the wake of Kamala Harris' loss to President-elect Donald Trump, calling out Democrat elites for their lies and shenanigans, including hidiâ€¦",Fallout & Moving Forward,negative
Distressed Sally Field Seen Trashing Kamala Harris Yard Signs After Election,Oscar-winning actress Sally Field's birthday on Wednesday was not as happy as she'd hoped as she was seen trashing her Kamala Harris yard signs in the wake of Donald Trump's landslide victory. The post Distressed Sally Field Seen Trashing Kamala Harris Yard Sâ€¦,Fallout & Moving Forward,neutral
Nancy Pelosi Flips on Kamala Harris: Election 'Would Have Been Different' if Democrats Had an 'Open Primary',"Rep. Nancy Pelosi said the election ""would have been different"" if the Democrats had held a primary process after Joe Biden dropped out. The post Nancy Pelosi Flips on Kamala Harris: Election â€˜Would Have Been Differentâ€™ if Democrats Had an â€˜Open Primaryâ€™ appeâ€¦",Fallout & Moving Forward,negative
"Trump Teases Democrats for Kamala Harris, DNC Debt with Joking Offer to Pay It Off Using His Leftover Campaign Funds","President-elect Donald Trump on Saturday teased Democrats who spent tons of money and incurred debt trying to defeat him in the election. The post Trump Teases Democrats for Kamala Harris, DNC Debt with Joking Offer to Pay It Off Using His Leftover Campaign Fâ€¦",Trump,negative
"Report: Kamala Harris Blew $20 Million on Election-Eve Concerts with Lady Gaga, Katy Perry in Swing States Where Trump Beat Her","Amid the stunning revelation that Kamala Harris' unsuccessful presidential campaign ended up $20 million in the red, despite raising $1 billion from donors, a new report has found that the rock concerts that her campaign staged on the night before the electioâ€¦",Campaign Activity,negative
"Kamala Harris paid Oprah Winfreyâ€™s production company $1M during campaign, Oprah didn't get a dime","The Washington Examiner reported last Friday that the Harris campaign paid $1 million to Winfreyâ€™s production company Harpo on Oct. 15. Oprah Winfrey denied being paid $1 million for the Kamala Harris for the â€œUnited for Americaâ€ town hall event, which was liâ€¦",Campaign Activity,neutral
Why Kamala Harris lost: a flawed candidate or doomed campaign?,"The vice-president failed to make the case that she would be different from her boss, President Joe Biden.",Analysis,negative
Former Clinton administration consultant blasts Kamala Harris as SORE LOSER,"A former strategic consultant under former President Bill Clinton slammed Kamala Harris, outgoing vice president and failed presidential candidate, as a â€œsore loser.â€ Barbara Heineback, a long-time Democratic staffer who first served under the late former Preâ€¦",Fallout & Moving Forward,negative
Kamala Harris says she will continue to fight for abortion during concession speech,"After losing against President-elect Donald Trump, Vice President Kamala Harris vowed that she would not give up her â€œfight for democracy, especially a womanâ€™s right to abortion.â€ On Nov. 6, Harris, accompanied by her running mate Minnesota Gov. Tim Walz and â€¦",Fallout & Moving Forward,neutral
Kamala Harrisâ€™ campaign advisor deletes X account after blaming Biden for loss,"Outgoing Vice President Kamala Harrisâ€™ senior campaign advisor David Plouffe â€œindirectlyâ€ took a swipe at current U.S. President Joe Biden for causing the landslide defeat of the Democratic presidential nominee, suggesting that the hole they dug was not deep â€¦",Fallout & Moving Forward,neutral
Furious Democrats blame JOE BIDEN and TIM WALZ for Kamala Harrisâ€™ humiliating election loss,"The blame game within the Democratic Party has begun. Supporters of Vice President Kamala Harris are now turning on President Joe Biden and Minnesota Gov. Tim Walz, blaming the two for her loss in the election against President-elect Donald Trump. On the mornâ€¦",Fallout & Moving Forward,negative
Oprah denies being paid $1 million to campaign for Kamala Harris,Billionaire media personality Oprah Winfrey has denied allegations that she was paid at least $1 million for participating in Vice President Kamala Harrisâ€™ failed presidential campaign. Reports stem from claims that Winfrey was paid to host the celebrity-packâ€¦,Celebrity,neutral
The ultimate TRUMP CARDS: Swing states played key role in Donald Trumpâ€™s decisive win over Kamala Harris,"Donald Trump has become the 47th president of the United States following hisÂ decisive victory over Kamala Harris. The call was made at around 1:30 a.m. Eastern Standard Time afterÂ elections observer Decision Desk HQ, along with multiple mainstream media outlâ€¦",Analysis,neutral
â€˜Numbers Are Shockingâ€™: Catholic Voters Played Key Role In Sinking Kamala Harrisâ€™ Presidential Bid,"Catholic voters turned out for President-elect Donald Trump at an unprecedentedly high rate Tuesday, swinging the election in his favor.",Analysis,negative
"FACT CHECK: No, Joe Biden Did Not Tell Kamala Harris â€˜Thatâ€™s What You Getâ€™","A postÂ shared on social media purports that President Joe Biden posted â€œthatâ€™s what you getâ€ in response to the polls on election night. pic.twitter.com/0VNzO8WH9l â€” AB (@AB84) November 6, 2024 Verdict: False The claim is inaccurate. Fact Check: Vice Presidenâ€¦",Fallout & Moving Forward,neutral
Democrat Rep Ro Khanna Says Kamala Harris Messed Up By Not Going On Joe Roganâ€™s Show,Democratic California Rep. Ro Khanna said that Vice President Kamala Harris should have appeared on prominent podcaster Joe Rogan's show before the election.,Fallout & Moving Forward,negative
â€˜Itâ€™s Literally That Simpleâ€™: Charlamagne Tha God Tells ABC Host Two Issues Killed Kamala Harrisâ€™ Chances,Charlamagne tha God told Jonathan Karl that Kamala Harris lost the election because voters trusted former President Donald Trump more on two key issues.,Analysis,negative
â€˜No Respectâ€™: Philadelphia DNC Chair Bob Brady Goes After Kamala Harris As Finger-Pointing Battle Heats Up,"Former Rep. Bob Brady attacked Kamala Harris hours after her election loss, claiming her lack of coordination with Philadelphia Democrats led to her demise.",Fallout & Moving Forward,negative
Election Forecaster Who Gave Win to Kamala Harris Blames Elon Musk for Inaccurate Prediction: He Put 'His Thumb on the Scales',Presidential historian Allan Lichtman cited Elon Musk's influence on social media as a key reason he incorrectly forecasted a Kamala Harris victory.,Analysis,neutral
Taliban Official Mocks US for Rejecting Kamala Harris: 'Americans Are Not Ready to Hand Over' Country 'to a Woman',A Taliban official mocked Americans' reluctance to elect a female leader after Donald Trump's 2024 presidential victory.,Fallout & Moving Forward,neutral
Kamala Harris 'Paid More Than Double' What Was Estimated to Oprah Winfrey During her Flop White House Bid,New sources revealed Harris spent more than double what was originally reported to have been spent on a live-streamed September event hosted by Winfrey.,Campaign Activity,negative
Kamala Harris Still Begging Voters For Donations â€” Despite Election Thumping and Already Pulling in Over $1Billion For Failed Campaign,"More than a week after Vice President Kamala Harris' loss against Donald Trump, her campaign is still seeking for donations despite raising $1 billion.",Campaign Activity,negative
Joe Biden's White House Smile Sparks Fevered Rumors He Secretly Voted for Trump and is 'Glad' Kamala Harris Lost Election,Joe Rogan pointed out how Joe Biden appeared surprisingly happy during his interaction with Donald Trump.,Fallout & Moving Forward,negative
Jeff Bezos Selling His 'Old' $39Million Private Jet as His Prized 'Washington Post' Burns After Decision to Block Paper's Kamala Harris Endorsement,"The businessman, the second richest man in the world, has decided to sell one of his private jets for almost $40million.",Celebrity,neutral
How Prince Harry and Meghan Markle are Stuck in 'Hellish Situation' After Kamala Harris Failed to Trounce Trump in U.S. Election,Harry and Meghan are wondering where they will be living in the near future and whether that will still be in America following Trump's victory.,Fallout & Moving Forward,positive
Seething 'Selling Sunsetâ€™ Star Chrishell Stause Slams Rumors She Was Paid to Back Kamala Harris,"Selling Sunset star Chrishell Stause has shot down rumors she was paid to back Kamala Harris in the Presidential Election, before ranting about Donald Trump.",Campaign Activity,neutral
Defeated Democrats Turn On Nancy Pelosi After Attacking George Clooney in 'Desperate Scattergun' Blame Game for Kamala Harris' Election Bloodbath,"After Kamala Harris' loss against Donald Trump in the presidential election, Democrats are now pointing fingers amid their 'desperate' blame game.",Fallout & Moving Forward,neutral
Democrats Plunged Into 'Shivving' Election Scandal: Biden's Team 'Was Secretly Briefing Reporters Kamala Harris Was Incapable of Beating Trump',"Podcast host Jon Favreau claimed the Biden camp was 'shivving' Kamala Harris, who ultimately lost the electoral college and the popular vote.",Fallout & Moving Forward,negative
She's Not Laughing Now: We Analyze Kamala Harris' Cackle â€” As Experts Ask if It Cost Her the Election,Vice President Kamala Harris has condemned people who 'love to talk about the way' she laugh as some people believe it played a part in her losing the election.,Analysis,negative
Trump Lackey Elon Musk's Biggest Controversies: From Targeting The Don's Showbiz Nemesis Taylor Swift to Bitter Attacks on Joe Biden and Kamala Harris,"Elon Musk has frequently sparked unrest due to his provocative statements and controversies, and he may be an even bigger voice following Trump's win.",Trump,neutral
"Sore-Losing Liberal Sally Field, 78, Trashes Kamala Harris Campaign Signs After Donald Trump's Crushing Victory â€” As Bleeding Heart Celebs Vow to Flee U.S.",The 78-year-old actress furiously tossed her Harris/Walz yard signs following Trump's win after previously endorsing the Democrat with a personal abortion story.,Fallout & Moving Forward,negative
"How Disturbing Conspiracy Theory 'Links' Between Kamala Harris, 'Diddy' and Jeffrey Epstein Were Used to Help Donald Trump Win the White House","Donald Trump used Kamala Harris' links with Sean 'Diddy' Combs and the wild conspiracy theories associated with the pair to win the election, it's been claimed.",Analysis,negative
One moment in the presidential debate foreshadowed Kamala Harrisâ€™ loss,Donald Trump's victory reminds us that Americans have felt something is wrong with our government and politics since the housing and financial crisis of 2008.,Analysis,negative
One sentence sums up Kamala Harris' misread of the election,Why Harris lost the election to Trump is a complicated question. Part of it is tied to her failure to outline what she would have done differently than Biden.,Analysis,negative
"Leave it To Internet 'Karen' Bethenny Frankel To Drag Another Woman, This Time It's Kamala Harris","On Wednesday, reality star and resident internet Karen Bethenny Frankel took to Instagram to share her thoughts on why Vice President Kamala Harris lost the presidential election. Read more...",Fallout & Moving Forward,negative
WATCH: Stephen A. Smith Had the Audacity to Blame These Black Women for Kamala Harris Losing the Presidential Election,"In the wake of Kamala Harrisâ€™ defeat in the 2024 presidential election, countless TV pundits and political analysts are weighing in on what went wrong with the Democratsâ€™ campaign. Well, rest easy because Stephen A. Smith knows exactly who to blame. Yes, the â€¦",Fallout & Moving Forward,neutral
"Brendan Carr says Trump's complaint over a 60 Minutes interview with Kamala Harris is ""likely to arise"" in the FCC's review of the Skydance-Paramount deal (Ted Johnson/Deadline)","Ted Johnson / Deadline: Brendan Carr says Trump's complaint over a 60 Minutes interview with Kamala Harris is â€œlikely to ariseâ€ in the FCC's review of the Skydance-Paramount dealÂ  â€”Â  In an interview with Fox News' America's Newsroom, Carr said, â€œBroadcasters â€¦",Trump,neutral
Voters In Kamala Harrisâ€™ Hometown Smack Down Initiative to Tax Natural Gas Use,"Measure GGÂ would have required owners of multi-family or commercial buildings larger than 15,000 square feet to pay up in order to use natural gas. It failed with 68.25% of voters moving to reject the measure,Â accordingÂ to Alameda County election data.",Fallout & Moving Forward,negative
Mark Cuban Deletes His Pro-Kamala Harris Tweets,"The businessman, former ""Shark Tank"" star and Harris backer was called out for removing his tweets, but claims he's always deleted comments after past elections.  The post Mark Cuban Deletes His Pro-Kamala Harris Tweets appeared first on TheWrap.",Celebrity,neutral
"CBSâ€™ Kamala Harris Interview â€˜Likelyâ€™ to Be Reviewed, Trumpâ€™s FCC Chairman Says","Brendan Carr says the news distortion complaint over the ""60 Minutes"" sit-down will be looked at during the Skydance-Paramount deal review The post CBSâ€™ Kamala Harris Interview â€˜Likelyâ€™ to Be Reviewed, Trumpâ€™s FCC Chairman Says appeared first on TheWrap.",Trump,neutral
"Cardi B Says She Paid â€˜Out of Pocketâ€™ for Kamala Harris Rally Travel, Glam: â€˜Itâ€™s Somewhere I Wanted to Beâ€™","Cardi B joins Oprah on a growing list of celebrities accused of being paid by the Harris campaign The post Cardi B Says She Paid â€˜Out of Pocketâ€™ for Kamala Harris Rally Travel, Glam: â€˜Itâ€™s Somewhere I Wanted to Beâ€™ appeared first on TheWrap.",Celebrity,neutral
Donald Trump Brags That Heâ€™s Got Way More Campaign Money Left Than Kamala Harris,The president-elect makes a dubious offer to help pay the Democratic campaignâ€™s debt The post Donald Trump Brags That Heâ€™s Got Way More Campaign Money Left Than Kamala Harris appeared first on TheWrap.,Trump,negative
Chris Hayes Says Trumpâ€™s Win Is a â€˜Rejection of the Status Quoâ€™ â€” Even for Kamala Harris Voters | Video,"Support for ""dark fantasies of smashing the administrative state"" like Project 2025 was not ""the source of this victory,"" he adds The post Chris Hayes Says Trumpâ€™s Win Is a â€˜Rejection of the Status Quoâ€™ â€” Even for Kamala Harris Voters | Video appeared first oâ€¦",Analysis,neutral
Harris Surrogate Says Joe Biden Gave a â€˜Big F Youâ€™ to Fellow Democrats With Kamala Endorsement | Video,A former member of the VPâ€™s finance committee says the campaign was a â€œ$1 billion disasterâ€ The post Harris Surrogate Says Joe Biden Gave a â€˜Big F Youâ€™ to Fellow Democrats With Kamala Endorsement | Video appeared first on TheWrap.,Fallout & Moving Forward,negative
Voters Rejected Not Just Kamala Harris But Democratsâ€™ Politics Of Division,"A radical political and cultural realignment rejected superficial divisions, embraced American tradition, and made Trump our 47th president.",Analysis,negative
"Kamala Harris Was A Terrible Candidate, And Democrats Need To Be Honest About That",Kamala Harris was an inauthentic lightweight who couldn't do the one thing politicians are supposed to be able to do: speak.,Analysis,negative
Kamala Harris Quoted One Of Hitlerâ€™s Favorite Writers In Her Concession Speech,Kamala Harris' otherwise innocuous concession speech took a weird turn when she quoted one of Hitler's favorite writers.,Fallout & Moving Forward,negative
Advice from Democrats Who Outran Kamala Harris,"â€œDemocrats who won major Senate races have a blunt message for their party: Get a better economic message or keep losing,â€ Politico reports.â€œFrom Elissa Slotkin in Michigan to Ruben Gallego in Arizona and Adam Schiff in California, these soon-to-be senators tâ€¦",Fallout & Moving Forward,negative
Kamala Harris Was Dukakis-ed,Kenneth Baer: â€œThe vice president didnâ€™t apply the most fundamental lesson from the past thirty-plus years: Answer your attacks head on.â€,Fallout & Moving Forward,negative
Kamala Harris Still Raising Money,"Tara Palmeri: â€œThere were many historic aspects of Kamala Harrisâ€™s candidacy: her gender, her race, her midsummer anointment. But perhaps most jaw-dropping was the incredible success of her fundraising machine, which amassed more than $1 billion in donations,â€¦",Campaign Activity,positive
How Kamala Harris Plowed Through $1 Billion,Washington Examiner: â€œThe story of how Harris pocketed record sums while failing to gain support from voters will be studied by campaigns for decades to come... The Harris campaign and its affiliated committees dropped more than $654 million on advertising frâ€¦,Campaign Activity,negative
Tyrese Accuses Trump Supporters Of Creating False â€˜Diddy Tapeâ€™ Rumors Following His Kamala Harris Endorsement,"Tyrese insists he's never appeared in any explicit videos with Sean ""Diddy"" Combs, and he's blaming Donald Trump's supporters for starting such rumors.Â  The post Tyrese Accuses Trump Supporters Of Creating False â€˜Diddy Tapeâ€™ Rumors Following His Kamala Harrisâ€¦",Celebrity,neutral
"Tina Knowles Defends BeyoncÃ© After Candace Owens Claims Singer Was Paid $10M To Endorse Kamala Harris, Consistently Cantankerous Conservative Responds",Tina Knowles was quick to defend her superstar daughter BeyoncÃ© after conservative commentator Candace Owens shared a report alleging that the Grammy-award-winner was paid a large sum to attend and endorse Vice President Kamala Harris during her massive Houstâ€¦,Celebrity,neutral
"Atlantaâ€™s Kamala Harris Mural: A Symbol Of Hope, Painted Over Amid Election Defeat â€“ But Muralist Maintains Thereâ€™s More To The Story","Chileeeeeeeeee. *Sighs in deep negro spiritual* Look, we donâ€™t even feel like mentioning what we already know. As if the election results rolling in didnâ€™t already set off emotions on a high, of course, Atlanta found its way into the mix. Basically though, a â€¦",Fallout & Moving Forward,positive
"Atlantaâ€™s Kamala Harris Mural: A Symbol Of Hope, Painted Over Amid Election Defeat â€“ But Muralist Maintains Thereâ€™s More To The Story","Chileeeeeeeeee. *Sighs in deep negro spiritual* Look, we donâ€™t even feel like mentioning what we already know. As if the election results rolling in didnâ€™t already set off emotions on a high, of course, Atlanta found its way into the mix. Basically though, a â€¦",Fallout & Moving Forward,positive
Nate Silver Calls Out â€˜Mediocre Candidateâ€™ Kamala Harris and â€˜Unpopularâ€™ Biden Over Trumpâ€™s Victory,"Nate Silver called Kamala Harris a ""mediocre"" and ""replacement-level"" candidate in an edition of his newsletter reflecting on the 2024 presidential election. The post Nate Silver Calls Out â€˜Mediocre Candidateâ€™ Kamala Harris and â€˜Unpopularâ€™ Biden Over Trumpâ€™s â€¦",Analysis,negative
Trump FCC Pick Threatens On Fox News To Punish CBS Over Kamala Harris Interview When He Takes Over,Brendan Carr told Fox News a big merger could be in jeopardy on the basis of Trump's complaints about a CBS News 60 Minutes interview with VP Kamala Harris. The post Trump FCC Pick Threatens On Fox News To Punish CBS Over Kamala Harris Interview When He Takesâ€¦,Trump,neutral
House Democrat Recalls Meeting Dismissive Kamala Harris: â€˜She Just Walked Away from Me. There Was Kind of an Eye Rollâ€™,"Rep. Marie Gluesenkamp Perez (D-WA) had tough words for her party and its ex-standard bearer, Vice President Kamala Harris in a new interview, The post House Democrat Recalls Meeting Dismissive Kamala Harris: â€˜She Just Walked Away from Me. There Was Kind of aâ€¦",Fallout & Moving Forward,negative
â€˜Stirring It Up!â€™ CNN Anchor Stunned By Bakari Sellers Bomb â€” Put Kamala Harris On Supreme Court Before Trump Sworn In,CNN's John Berman was stunned by a bombshell suggestion from analyst Bakari Sellers â€” adding Vice President Kamala Harris to the Supreme Court. The post â€˜Stirring It Up!â€™ CNN Anchor Stunned By Bakari Sellers Bomb â€” Put Kamala Harris On Supreme Court Before Trâ€¦,Fallout & Moving Forward,neutral
Nancy Pelosi Bashes Biden for Delaying Exit from Race and Making Kamala Harris the Candidate Without a Primary,Speaker Emerita Nancy Pelosi criticized Joe Biden for delaying his exit from the 2024 presidential race and coronating Kamala Harris as his replacement. The post Nancy Pelosi Bashes Biden for Delaying Exit from Race and Making Kamala Harris the Candidate Withâ€¦,Fallout & Moving Forward,neutral
Kamala Harris Campaign Surrogate Tells Fox Bidenâ€™s Endorsement Was a â€˜Big F Youâ€™ to Democrats: â€˜This Is a $1 Billion Disasterâ€™,"A campaign surrogate for Kamala Harris unloaded on Democrats in a Fox News interview, calling Harris's campaign a ""$1 billion disaster."" The post Kamala Harris Campaign Surrogate Tells Fox Bidenâ€™s Endorsement Was a â€˜Big F Youâ€™ to Democrats: â€˜This Is a $1 Billâ€¦",Fallout & Moving Forward,negative
â€˜WHOA!â€™ CNN Panel Floored After Fmr. Kamala Harris Spox Calls for Biden to Resign So She Can Be President Until Trump Takes Office,"Jamal Simmons, former communications director for Vice President Kamala Harris, made a bold suggestion Sunday that shocked the CNN panel discussing Donald Trump's transition to the White House. The post â€˜WHOA!â€™ CNN Panel Floored After Fmr. Kamala Harris Spox â€¦",Fallout & Moving Forward,neutral
How Kamala Harris - and Joe Biden - lost to Donald Trump and left Democrats in shambles (Washington Post),"Washington Post: How Kamala Harris â€” and Joe Biden â€” lost to Donald Trump and left Democrats in shamblesÂ  â€”Â  The Democratic Party now finds itself grappling with how it lost so definitively, and how it so thoroughly misunderstood the American electorate.Â  â€”Â  â€¦",Analysis,negative
Read Vice President Kamala Harris' Full Concession Speech (Time),"Time: Read Vice President Kamala Harris' Full Concession SpeechÂ  â€”Â  Vice President Kamala Harris formally conceded in a speech Wednesday afternoon at Howard University in Washington, D.C., where she urged her followers to continue fighting for democracy.Â  Forâ€¦",Campaign Activity,neutral
Philly Democratic Chair Bob Brady slams Kamala Harris campaign after loss to Trump (NBC10 Philadelphia),NBC10 Philadelphia: Philly Democratic Chair Bob Brady slams Kamala Harris campaign after loss to TrumpÂ  â€”Â  Philadelphia Democratic Chair Bob Brady criticized Kamala Harris' campaign following her loss to Donald Trump in the presidential electionÂ  â€”Â  Hours aftâ€¦,Fallout & Moving Forward,negative
How Kamala Harris plowed through $1 billion (Gabe Kaminsky/Washington Examiner),"Gabe Kaminsky / Washington Examiner: How Kamala Harris plowed through $1 billionÂ  â€”Â  In October, weeks before the 2024 election, the word was out: Vice President Kamala Harris had fundraised north of $1 billion.Â  The haul, the New York Times reported upon breâ€¦",Campaign Activity,negative
Kamala Harris' campaign didn't ignore working class voters (Michael A. Cohen/MSNBC),"Michael A. Cohen / MSNBC: Kamala Harris' campaign didn't ignore working class votersÂ  â€”Â  The Biden administration was staunchly pro-labor, subsidized Obamacare and managed to avoid a recession.Â  But Trump and Republicans sold resentment, and it worked.Â  â€”Â  Siâ€¦",Analysis,positive
Kamala Harris raised $1 billion-plus in defeat. She's still sending persistent appeals to donors (Associated Press),"Associated Press: Kamala Harris raised $1 billion-plus in defeat.Â  She's still sending persistent appeals to donorsÂ  â€”Â  Kamala Harris and the Democratic Party's prodigious fundraising operation raised more than $1 billion in her loss to Donald Trump, but the â€¦",Campaign Activity,neutral
Muh Democratcy: Former Harris Aide Calls for Biden to Resign to Make Kamala President (Ed Morrissey/HotAir),Ed Morrissey / HotAir: Muh Democratcy: Former Harris Aide Calls for Biden to Resign to Make Kamala PresidentÂ  â€”Â  Old and busted: Save Democracy!Â  New hotness: Install Democratcy!Â  â€”Â  Either that or former Kamala Harris comms director Jamal Simmons wants to crâ€¦,Fallout & Moving Forward,neutral
Kamala Harris Did Listen To Working-Class Voters. They Didn't Listen To Trump. (Bill Scher/Washington Monthly),"Bill Scher / Washington Monthly: Kamala Harris Did Listen To Working-Class Voters.Â  They Didn't Listen To Trump.Â  â€”Â  Plus, the shocking New Jersey result, and the connection between the election and â€œThe Big Lebowskiâ€ â€” all in the November 12, 2024 newsletterâ€¦",Analysis,positive
They Turned Against Kamala Harris in Decisive Numbers. They're About to Find Out if It Was Worth It. (Aymann Ismail/Slate),"Aymann Ismail / Slate: They Turned Against Kamala Harris in Decisive Numbers.Â  They're About to Find Out if It Was Worth It.Â  â€”Â  Dearborn, Michigan, turned against Kamala Harris decisively.Â  Now the city is about to find out if Trump was worth it.Â  â€”Â  On elecâ€¦",Analysis,positive
Kamala Harris Campaign Fell $20 Million in Debt in Final Week (Breitbart),"Breitbart: Kamala Harris Campaign Fell $20 Million in Debt in Final WeekÂ  â€”Â  Vice President Kamala Harris's campaign fell $20 million in debt during the final week of her campaign, according to several sources.Â  â€”Â  Christopher Cadelago, the California bureau â€¦",Campaign Activity,negative
The global anti-incumbent backlash doomed Kamala Harris (Noah Berlatsky/Public Notice),"Noah Berlatsky / Public Notice: The global anti-incumbent backlash doomed Kamala HarrisÂ  â€”Â  Tragically, the beneficiary happened to be Donald Trump. â€¦ Â  â€”Â  Donald Trump's triumph on Tuesday night is terrifying and traumatizing.Â  It's natural to look for somâ€¦",Analysis,positive
Kamala Harris snubbing Josh Shapiro in favor of Tim Walz for VP backfired with Jewish voters - and may have cost her Pennsylvania: exit poll (Carl Campanile/New York Post),Carl Campanile / New York Post: Kamala Harris snubbing Josh Shapiro in favor of Tim Walz for VP backfired with Jewish voters - and may have cost her Pennsylvania: exit pollÂ  â€”Â  Vice President Kamala Harris' first major campaign decision â€” selecting Minnesota â€¦,Analysis,negative
Lucas: Political consultants didnâ€™t do Kamala Harris any favors,"Kamala Harris should have run with Joe Biden, not away from him. Had she done so, the outcome of the 2024 presidential outcome might have been different. Instead, it was a wipeout.",Analysis,negative
"Kamala Harris Should Run Again in 2028, Democratic Voters Say",Overall 42 percent of likely Democratic voters would back Kamala Harris to be the party's 2028 presidential nominee.,Fallout & Moving Forward,positive
Kamala Harris Supporters Abandon Starbucks Boycott After Election Defeat,"People online say that they are abandoning their boycotts of the coffee chain Starbucks, following Vice President Kamala Harris defeat in the 2024 election.",Fallout & Moving Forward,neutral
Did Kamala Harris Pay Celebrities to Endorse Her? Oprah Winfrey Speaks Out,It had been claimed online that BeyoncÃ© was paid $10 million to endorse Kamala Harris in her 2024 campaign for presidency.,Campaign Activity,negative
The Real Reason Why Kamala Harris' Interview With Joe Rogan Was Called Off,"After Harris' defeat, some Democrats called her decision to skip Rogan's show a critical campaign misstep.",Fallout & Moving Forward,negative
Ben Shapiro: 'Nobody's Talking About' Kamala Harris 2028,Political commentator Ben Shapiro said the vice president would likely leave public life and would not run in 2028.,Fallout & Moving Forward,neutral
Could Kamala Harris Replace Sonia Sotomayor on Supreme Court?,"Democrats still have a Senate majority until January, allowing President Biden a tight window to nominate a Supreme Court judge",Fallout & Moving Forward,neutral
Bernie Sanders Reveals Why Voters Told Kamala Harris 'Screw You',Sanders praised Harris for her messaging on some issues but said the campaign fell short on economic plans for the working class.,Fallout & Moving Forward,neutral
Kamala Harris' Loss and America's Fear of Strong Women | Opinion,"Vice President Kamala Harris could not overcome the ""VP curse,"" and gender undoubtedly played a role in her defeat.",Analysis,positive
Is Kamala Harris' Campaign $20M in Debt? What We Know,The official Harris campaign had received more than $1 billion up until October 16.,Campaign Activity,negative
Knives Out for Kamala Harris as Democratic Blame Game Begins,Fingers point to Harris' choice of running mate and failure to distance herself from President Joe Biden.,Fallout & Moving Forward,negative
Why Did Kamala Harris Lose the Election? We Asked ChatGPT,Vice President Kamala Harris lost the 2024 election to former President Donald Trump. We asked ChatGPT exactly why it happened.,Analysis,neutral
Kamala Harris' Stepdaughter Speaks Out About Election Loss,"Ella Emhoff, the daughter of second gentleman Doug Emhoff, shared a message on her Instagram after her stepmother's election loss.",Fallout & Moving Forward,positive
What Will Kamala Harris Do Now? Next Steps After Election Defeat,"Having lost the 2024 election, Kamala Harris has several different routes ahead of her, both within public life and without.",Fallout & Moving Forward,neutral
Bill Maher Mocks Kamala Harris' Election Loss With McDonald's Job Quip,The comedian joked that Harris called McDonald's on election night to ask for her old job back after losing to Donald Trump.,Fallout & Moving Forward,negative
CNN Exit Poll Shows Kamala Harris' One Area of Growth in Election,Harris appears to have only improved among white college-educated voters when compared to President Biden's exit polls in 2020.,Analysis,negative
Former Kamala Harris Aide Urges Joe Biden to Resign Within Next 30 Days,"Jamal Simmons recommended on Sunday that Biden step down to make Harris the first woman president, ""being a transitional figure.""",Fallout & Moving Forward,positive
"Why Kamala Harris Lost Latino Voters, According To Ally Who Predicted Win","Despite Harris' effort to court Latino voters leading up to the election, she only secured 6 percentage points more of their support than Trump did.",Analysis,neutral
"Kamala Harris TV Ads Aimed at Black Men 'Sucked,' Ex-Obama Adviser Says","Van Jones said that Black male voters ""were not handled properly"" by the Harris campaign.",Fallout & Moving Forward,negative
'Keep Going' Says Advocate for Women in Politics After Kamala Harris Defeat,"Erin Loos Cutraro, the founder of the charity She Should Run spoke to Newsweek about moving forward and the road ahead for women in politics.",Fallout & Moving Forward,positive
Charlamagne Tha God Reveals Why Kamala Harris Really Lost The Election,The media personality blames the disconnect from economic concerns and border issues for Harris' defeat in the presidential race.,Analysis,negative
Democrat Breaks Into Tears Live on MSNBC After Kamala Harris Speech,Claire McCaskill became emotional while reacting to Vice President Harris' concession speech.,Fallout & Moving Forward,neutral
Hasan Piker on Kamala Harris Loss: 'You Can't Podcast Your Way Out of This',"""You can't actively act like things are perfectly fine when things have not been fine for Americans for quite some time,"" the leftist influencer told Newsweek.",Analysis,positive
Nancy Pelosi admits that she really wanted an â€˜open primaryâ€™ instead of Kamala Harris,"I donâ€™t have a solid plan for how weâ€™ll cover politics from here on out. Obviously, Iâ€™m a huge Democrat and the incoming Trump administration is going to drag the country into the pits of hell. Iâ€™m sure weâ€™ll have coverage of all of that, but I simply donâ€™t fâ€¦",Fallout & Moving Forward,negative
Kamala Harris conceded the election & addressed supporters at Howard University,This is apparently the first election since 2004 where the Republican won the popular vote. Whatâ€™s so weird about that is Donald Trump will likely win the popular vote having won two-million-plus fewer votes than he won in 2020. Itâ€™s also weird that Kamala Haâ€¦,Fallout & Moving Forward,negative
Gen Z white men swung wildly away from VP Kamala Harris,"Accusations and recriminations are already ringing out throughout the Democratic Party. How did Kamala Harris lose this demographic or that demographic, why did millions of white women still vote for Donald Trump, why did Trump make such inroads with the Latiâ€¦",Analysis,negative
Cardi B to Kamala Harris: â€˜This may not mean much but I am so proud of youâ€™,"Months ago, Cardi B repeatedly said that she wasnâ€™t endorsing anyone for president and she wasnâ€™t getting involved in the election cycle. Her views changed very quickly when Kamala Harris became the nominee, and Cardi became much more engaged in political conâ€¦",Celebrity,positive
Kamala Harris didnâ€™t offer us closureâ€”and thatâ€™s the whole point,"Kamala Harris conceded and told her supporters to ""keep fighting"" following Donald Trump's win.",Fallout & Moving Forward,negative
"Polls: Jewish Voters Overwhelming Stuck with Kamala Harris, But What about Muslims?","The postmortem of how Vice President Kamala Harris lost to former President Donald Trump is well underway, with strategists poring over exit polling data and turnout numbers to figure out what happened.Read more...",Analysis,neutral
Kamala Harris Did Listen To Working-Class Voters. They Didnâ€™t Listen To Trump.,"One week later and the Democratic Partyâ€™s self-flagellation continues. â€œWe donâ€™t listen enough; we tell people whatâ€™s good for them,â€ scolded Senator Chris Murphy on X. â€œListen to poor and rural people, men in crisis. Donâ€™t decide for them.â€ â€œNo one is listenâ€¦",Analysis,positive
"Kamala Harris Advisor: Biden Should Resign, Install Her as First Female President","""It would absolve her from having to oversee the January 6th transition of her own defeat."" The post Kamala Harris Advisor: Biden Should Resign, Install Her as First Female President first appeared on LeÂ·gal InÂ·surÂ·recÂ·tion.",Fallout & Moving Forward,neutral
Report: Kamala Harrisâ€™ Campaign Is So Broke She Can No Longer Pay Senior Staffers,"""Internally, the apparent cash crunch is being blamed for the campaignâ€™s decision to stop paying many senior staff as of Saturday, even those initially told they would be paid through the end of the year."" The post Report: Kamala Harrisâ€™ Campaign Is So Broke â€¦",Fallout & Moving Forward,negative
The Rise and Fall of Kamala Harris â€” Legal Insurrection Podcast: Episode 15,What a night The post The Rise and Fall of Kamala Harris â€” Legal Insurrection Podcast: Episode 15 first appeared on LeÂ·gal InÂ·surÂ·recÂ·tion.,Analysis,neutral
BeyoncÃ©â€™s mom reacts to rumor singer was paid $10M to appear at Kamala Harris rally,The Grammy-winning songstress appeared at the vice president's Houston rally in October with Kelly Rowland.,Celebrity,neutral
Simone Biles tells Joe Biden to â€˜stand upâ€™ after Kamala Harrisâ€™ presidential election defeat: â€˜Straighten your backâ€™,The Olympic gold medalist encouraged the 46th president to take action in the final months of his presidency after Harris lost to Donald Trump.,Celebrity,neutral
Bethenny Frankel slams Kamala Harris for â€˜hobnobbing with celebritiesâ€™ ahead of 2024 election: Itâ€™s â€˜uselessâ€™ and a â€˜flexâ€™,"""Celebrities no longer have influence,"" the ""Real Housewives of New York City"" alum said in an Instagram video.",Celebrity,negative
Kamala Harrisâ€™ decisive defeat to Trump highlights gaps in Democratic strategy and appeal,"Donald Trump secured the majority of electoral votes, defeating Kamala Harris decisively in the 2024 presidential election. Despite initial polling gains, Harris lost critical swing states, with sizeable losses in Pennsylvania, Georgia, and Wisconsin. Harrisâ€™â€¦",Analysis,negative
Kamala Harris Calls Dave Ramsey Show For Advice After Blowing $1 Billion In Three Months,"U.S. â€” After winding up in debt from blowing through $1.2 billion in just three months, Vice President Kamala Harris called in to the Dave Ramsey Show to ask for some financial guidance.",Campaign Activity,negative
"To Pay Back $20 Million Campaign Debt, Kamala Harris Agrees To Fight Jake Paul","WILMINGTON, DE â€” After finding out how much money former heavyweight boxing champion Mike Tyson made from his highly publicized Netflix exhibition fight, failed presidential candidate Kamala Harris announced plans to pay back her $20 million campaign debt by â€¦",Fallout & Moving Forward,negative
Poll shows Kamala Harris as frontrunner for California governorship,Nearly half of voters surveyed say they would likely support Harris in a crowded gubernatorial race,Analysis,positive
They Turned Against Kamala Harris in Decisive Numbers. Theyâ€™re About to Find Out If It Was Worth It.,"The view after Trump's win in Dearborn, Michigan.",Fallout & Moving Forward,neutral
MSNBC President Has Close Ties to Al Sharpton Nonprofit That Took $500K From Kamala Harris Campaign,"MSNBC president Rashida Jones maintains especially close ties with host Al Sharpton and his activist group, raising questions about her silence on donations Sharptonâ€™s group received from Kamala Harrisâ€™s campaign shortly before he interviewed the vice presideâ€¦",Campaign Activity,negative
WATCH: Best of Veep Thoughts With Kamala Harris (Thanks for the Memories),"Kamala Harris will not be president after running what is widely regarded as the most incompetent campaign in the history of American politics. The vice president assured she was ""gon' win,"" but she did not. She joins Hillary Clinton as the only Democrat to lâ€¦",Fallout & Moving Forward,negative
Kamala Harris Campaign Gave $500k to Al Sharptonâ€™s Nonprofit Weeks Before Glowing Interview With Anti-Semitic MSNBC Host,"Kamala Harrisâ€™s presidential campaign donated $500,000 to Al Sharptonâ€™s nonprofit organization just weeks before theÂ anti-SemiticÂ MSNBC hostâ€”who once said that ""diamond merchant"" Jews have the ""blood of innocent babies"" on their handsâ€”conducted a friendly intâ€¦",Campaign Activity,negative
Kamala Harris and Hired Gun Marc Elias Help Bob Casey Fundraise for a Pennsylvania Senate Recount That Might Not Even Happen,"Kamala Harris, who ended her failed presidential campaign $20 million in debt, is soliciting donations to support a recount for incumbent Bob Casey against Republican Dave McCormick, the declared winner of the Pennsylvania Senate race. But rather than help Caâ€¦",Fallout & Moving Forward,negative
"Resign, Joe Biden, and let Kamala Harris be the first female US president",Brief letters: US politics | A subtle dig | Doonesbury | Small comforts | London | Weather | Kemi Badenoch,Campaign Activity,positive
Kamala Harris Moved Right. Did It Cost Her the Election?,It certainly didnâ€™t help.,Analysis,negative
Did Kamala Harris Pay Celebrities in Her Campaign?,"A report surfaced claiming that Harris paid Oprah Winfrey $1 million during her presidential campaign, but Winfrey debunked the rumor.",Campaign Activity,negative
Can Kamala Harris Run for President Again? Whatâ€™s Next for the VP,The Vice President and Democratic nominee has lost her bid for the nationâ€™s highest office to Donald Trump. Hereâ€™s a look at whether she can run againâ€”and if she will.,Fallout & Moving Forward,neutral
"UNREAL: After Burning Through More Than a Billion Dollars, the Kamala Harris Campaign is Now Struggling to Pay Senior Staffers","As the Gateway Pundit has reported in detail, the Kamala Harris presidential campaign raised over a billion dollars and somehow managed to end up $20 million in debt. The post UNREAL: After Burning Through More Than a Billion Dollars, the Kamala Harris Campaiâ€¦",Fallout & Moving Forward,negative
Trump Demands Investigation Into Pollster Ann Selzer and The â€˜Now-Discreditedâ€™ Des Moines Register Over Fake Iowa Poll Favoring Kamala Harris,President Trump has called for an investigation into pollster Ann Selzer and the â€˜now-discreditedâ€™ Des Moines Register over a â€œfake Iowa pollâ€ that favored Kamala Harris. The post Trump Demands Investigation Into Pollster Ann Selzer and The â€˜Now-Discreditedâ€™ â€¦,Campaign Activity,neutral
"OOF! Mural of Kamala Harris in Atlanta, Georgia Already Being Painted Over (VIDEO)","Kamala Harris is so finished that she is already being erased from memory. The post OOF! Mural of Kamala Harris in Atlanta, Georgia Already Being Painted Over (VIDEO) appeared first on The Gateway Pundit.",Fallout & Moving Forward,negative
Top Kamala Harris Adviser Deletes His X Account After Vague Post Sparks Controversy,Kamala Harrisâ€™ senior campaign advisor David Plouffe deleted his account on X after making a post appearing to suggest that President Joe Biden was the reason the vice president lost. The post Top Kamala Harris Adviser Deletes His X Account After Vague Post Sâ€¦,Fallout & Moving Forward,neutral
BLAME GAME: Nancy Pelosi Says Bidenâ€™s Refusal to Drop Out Cost Kamala Harris The Election,Former Speaker of the House Nancy Pelosi has argued that â€œit would have been differentâ€ if Joe Biden had agreed to stand down earlier than he eventually did. The post BLAME GAME: Nancy Pelosi Says Bidenâ€™s Refusal to Drop Out Cost Kamala Harris The Election apâ€¦,Analysis,neutral
EPIC TROLL: Trump Offers to Help Democrats Pay Off Kamala Harris Campaign Debt With His Leftover Campaign Funds,The Kamala Harris campaign raised a record billion dollars for the 2024 election and somehow still ended the race with $20 million in debt. The post EPIC TROLL: Trump Offers to Help Democrats Pay Off Kamala Harris Campaign Debt With His Leftover Campaign Fundâ€¦,Trump,negative
STUNNING: The Kamala Harris Campaign Raised a Billion Dollars but is Closing Out With $20 Million in Debt,"The Kamala Harris campaign raised an eye-popping billion dollars over the summer and into the fall, but it still wasnâ€™t enough to beat Trump. The post STUNNING: The Kamala Harris Campaign Raised a Billion Dollars but is Closing Out With $20 Million in Debt apâ€¦",Fallout & Moving Forward,negative
â€œHoly Smokes! Literally Nothing?!â€ â€“ Jake Tapper Shocked by Map That Shows Kamala Harris Didnâ€™t Outperform Biden in a Single County (VIDEO),CNNâ€™s Jake Tapper was shocked as his colleague John King showed him a map of Kamala Harrisâ€™s 2024 performance compared to Joe Bidenâ€™s so-called 2020 â€˜victory.â€™ Donald Trump won the 2024 presidential election in a landslide and is projected to win at least 312â€¦,Analysis,negative
"Supporters of Senile, Brain-Dead Brandon and the Blabbering and Cackling Ignoramus Kamala Harris . . .",". . . are barking and snarling all over their media that NONE of Trumpâ€™s appointees are â€œqualified.â€ The post Supporters of Senile, Brain-Dead Brandon and the Blabbering and Cackling Ignoramus Kamala Harris . . . appeared first on LewRockwell.",Fallout & Moving Forward,negative
Cardi B Claps Back After Candace Owens Asks If She Was Paid to Speak at Kamala Harris Rally,"Cardi B is setting the record straight. Earlier this week, conservative commentator Candace Owens reached out to the 32-year-old â€œBodak Yellowâ€ rapper on X, formerly known as Twitter, to ask how much she was paid to speak at Vice President Kamala Harrisâ€˜ campâ€¦",Celebrity,neutral
Joe Biden Reacts to Outcome of Presidential Election 2024 After VP Kamala Harris Concedes Race,Joe Biden has reacted to the outcome of the 2024 Presidential Election after Vice President Kamala Harris conceded the race to Donald Trump. Kamala issued her speech on Wednesday evening (November 6) after calling Donald to congratulate him on his win and to â€¦,Fallout & Moving Forward,neutral
Kamala Harrisâ€™ disastrous presidential bid was doomed from the start,Even if Kamala Harris was a gifted politician and an adept speaker â€” and she isn't â€” she faced three damning realities that she could never have changed.,Analysis,positive
"Biden, Kamala Harris make first public appearance together since election as stone-faced Jill looks on",Biden and Harris participated in a wreath-laying ceremony before the defeated vice president watched her boss' remarks next to an expressionless first lady.,Fallout & Moving Forward,neutral
Nicole Scherzinger seen wearing Kamala Harris shirt before supporting pro-Trump post,The singer sported a white T-shirt with the vice president's first name written in blue letters on Oct. 23.,Celebrity,neutral
Donald Trump beat Kamala Harris with Muslim voters over Gaza: exit poll,"LAS VEGAS â€” Muslims snubbed Vice President Kamala Harris on Election Day over her stance on the Israel-Hamas war in Gaza, with about 80% rejecting her at the ballot box, an exit poll reveals. Despite pre-election polling that put the veep at 41% support amongâ€¦",Analysis,negative
Kamala Harris interviewers received massive donations ahead of sit-downs: report,"FEC filings, first reported by theÂ Washington Free Beacon, show the Harris campaign gave two $250,000 donations to Rev. Al Sharptonâ€™s nonprofit organization in September and October.",Campaign Activity,negative
Oprah Winfrey denies â€˜lieâ€™ that she got $1M to endorse Kamala Harris: â€˜I was not paid a dimeâ€™,"""I was not paid a dime. My time and energy was my way of supporting the campaign,"" she wrote in the comments section of the Shade Room's post.",Celebrity,neutral
MSNBCâ€™s Claire McCaskill cries over Kamala Harrisâ€™ concession speech,McCaskill could be heard crying in the background while MSNBC aired Harrisâ€™s speech.,Fallout & Moving Forward,neutral
Bill Maher urges Democrats to â€˜look in the mirrorâ€™ after Kamala Harrisâ€™ election loss,"Maher switched his aim toward Harris and the Democrats, telling them they must reevaluate their party and platform after their embarrassing loss.",Fallout & Moving Forward,negative
"Kamala Harris committed â€˜political malpracticeâ€™ by not going on Joe Rogan podcast, Andrew Yang says","â€œIt was also a very bad look that they didn't go on because there were some voters who were like, huh, what are they hiding?â€",Analysis,negative
NYC comedian does â€˜spot-onâ€™ Kamala Harris impression after election loss â€” and the internet loves it,New York City comedianÂ Sienna Hubert-Ross posted a video the day after the election -- of theÂ veep drinking wine and blubbering about her loss.,Celebrity,negative
Ella Emhoff seemingly loses her mind over stepmom Kamala Harris losing presidency to Trump,"Emhoff, 25, was photographed sobbing on the sidelines while Vice President Kamala Harris delivered her concession speech to Trump at Howard University on Wednesday.",Fallout & Moving Forward,negative
Kamala Harris floated to replace Supreme Court Justice Sonia Sotomayor as progressives pressure her to resign,A liberal pundit Sunday floated nominating failed presidential candidate Kamala Harris to replace US Supreme Court Justice Sonia Sotomayor while the Democrats still cling to power.,Fallout & Moving Forward,neutral
Squirrel spotted onstage before Kamala Harrisâ€™ concession speech â€” and internet thinks itâ€™s the ghost of Pâ€™nut,A squirrel was spotted running across the stage just moments before Vice President Kamala gave her concession speech Wednesday -- sending social media into a spin as users quipped it was the euthanized furry internet sensation coming back to haunt her.,Fallout & Moving Forward,neutral
Nancy Pelosi calls Kamala Harrisâ€™ loss to Trump â€˜heartbreakingâ€™ â€“ had â€˜very emotional conversationâ€™ with VP,"Pelosi, 84, made the comments to New York Times podcast host Lulu Garcia-Navarro, co-host of â€œThe Interview,â€ in a yet to be released episode recorded after Election Day.",Fallout & Moving Forward,positive
Furious Dem official brands Kamala Harrisâ€™ campaign a â€˜$1 billion disasterâ€™ in foul-mouthed tirade,"""Theyâ€™re $20 million or $18 million in debt. Itâ€™s incredible, and I raised millions of that. I have friends I have to be accountable to and explain what happened.""",Fallout & Moving Forward,negative
"Kamala Harrisâ€™ stepdaughter, Ella Emhoff, addresses rumors she was hospitalized for â€˜mental breakdownâ€™",The daughter of second gentleman Douglas Emhoff was seen crying during the vice president's concession speech at Howard University.,Fallout & Moving Forward,neutral
Memers guess what President Biden is really thinking during presser after Kamala Harris lost to Trump: â€˜Thrilledâ€™,"""This is the look of a guy who just watched his carjacker get t-boned by a garbage truck,"" one user mused.",Fallout & Moving Forward,negative
Donald Trump is heading back to the White House â€” and Kamala Harrisâ€™ own decisions are to blame,"Donald. He was voted for president three times. And a blessing on his head â€” mazel tov, mazel tov.",Trump,negative
Ella Emhoff insists she is not having a mental breakdown after stepmom Kamala Harrisâ€™ big election loss: â€˜Fâ€“k youâ€™,Rumors swirled she had been checked into an institution.,Fallout & Moving Forward,neutral
Kamala Harrisâ€™ niece shares smiling pic of VP at home with glass of wine after she lost election to Trump,The 60-year-old presidential candidate can be seen wearing a sweatshirt from her alma mater Howard University while playing with her niece's two daughters.,Fallout & Moving Forward,neutral
Kamala Harrisâ€™ ex-communications director says Biden should resign in wild scheme to make her first female president: â€˜Turn tables on Trumpâ€™,"""Itâ€™d turn [the] tables on Trump, keep Kamala from presiding over Jan. 6 make it easier for next woman to run.""",Fallout & Moving Forward,positive
Why did white women and the Democratic base abandon Kamala Harris? My view from the campaign trail,"Some have argued Harris moved too far to the left in the campaign. Instead, she may have failed to listen to the message coming from her base.",Analysis,negative
Did Kamala Harris face the double whammy of gender and race?,"Chris Rock once said electing Barack Obama was progress for White people, not Black people.  This article examines whether gender is as significant a schism in US politics as race, analyzing why Kamala Harris lost the 2020 election. It explores the double binâ€¦",Analysis,neutral
The Crass but Winning Political Tactic That Kamala Harris Missed,She didnâ€™t offer voters what they really wanted.,Analysis,negative
Oprah Winfrey Attacked For $1 Million Fee To Kamala Harrisâ€™ Campaign,"Media mogul Oprah Winfrey has denied being paid personally by the presidential campaign team for Vice President Kamala Harris, according to a report from a conservative website last week.",Celebrity,neutral
Plies Has Comforting Words For Fans Reeling After Kamala Harrisâ€™ Election Loss To Donald Trump,Plies told his followers to stay with the fight despite having to swallow the hard pill that we must endure four more years of Donald Trump.,Fallout & Moving Forward,positive
Vice President Kamala Harris Concedes To Donald Trump During Howard University Speech,Vice President Kamala Harris conceded to President-Elect Donald Trump during a speech held at Howard University,Fallout & Moving Forward,neutral
Overnight Cable News Ratings for Nov. 5-7: Kamala Harrisâ€™ Concession Speech Brings Viewers,"Tuesday, November 5 Fox News was the go-to network on Election Night in both total viewers and the Adults 25-54 demo. The network peaked with over 10 million viewers between 9 p.m. and 12 a.m. ET. CNN still held its own in the demo, finishing in second place,â€¦",Fallout & Moving Forward,neutral
There Are Some Giant Holes in One Popular Explanation for Why Kamala Harris Lost,There are quite a few problems with this theory.,Analysis,neutral
"Catfight: As Biden and Trump smile cordially, Jill Biden cuts Kamala Harris dead","Around the time President Trump and Joe Biden held the most cordial of presidential transition meetings at the White House, something different was going on over at a Veterans Day event between Jill Biden and Kamala Harris.    According to Fox News: ...",Fallout & Moving Forward,negative
Comparing Kamala Harris to actual U.S. presidents,"Unfortunately, with the recent defeat of Kamala Harris, we will have fewer opportunities in the future to hear her speak, to illuminate, to orate, to elevate.    As partial recompense, I hereby offer some of her wisest and wittiest utterances &hellip...",Fallout & Moving Forward,positive
Kamala Harris ends her presidential run in booming defeatâ€¦ and $20 million in debt,"When you look at how badly they managed their own money, think about what they wouldâ€™ve done to ours.    Kamala Harris only became the official Democrat nominee on August 6th, which was just 91 days before the electionâ€”yet in that time, s...",Fallout & Moving Forward,negative
Kamala Harris raised $1 billion-plus in defeat. She's still sending persistent appeals to donors,"Kamala Harris and the Democratic Partyâ€™s prodigious fundraising operation raised more than $1 billion in her loss to Donald Trump, but the vice president is still pushing donors for more money after the election",Fallout & Moving Forward,negative
Judge recuses himself in Arizona fake elector case after urging response to attacks on Kamala Harris,A judge recused himself from presiding over Arizona's fake electors case after an email surfaced in which he told fellow judges to speak out against attacks on Kamala Harrisâ€™ race,Fallout & Moving Forward,neutral
Kamala Harris raised $1 billion-plus in defeat. She's still sending persistent appeals to donors,"Kamala Harris and the Democratic Partyâ€™s prodigious fundraising operation raised more than $1 billion in her loss to Donald Trump, but the vice president is still pushing donors for more money after the election",Fallout & Moving Forward,negative
Why Kamala Harris Bailed on Joe Rogan,"In the closing weeks of the 2024 presidential campaign, Vice President Kamala Harris had an opportunity to appear on the Joe Rogan Experience, the most popular podcast in the country. Ultimately, she declined the interview.  Former President Donald Trump certâ€¦",Analysis,neutral
Kamala Harris Supporters Abandon Starbucks Boycott After Election Defeat,"Kamala Harris backers on TikTok say they are abandoning their support for a boycott of Starbucks because that support was not reciprocated in the election, which the vice president lost. Since late in 2023, there has been an ongoing boycott of the coffee gianâ€¦",Fallout & Moving Forward,neutral
"Kamala Harris Should Run Again in 2028, Democratic Voters Say","Kamala Harris is by some margin Democratic voters most favored candidate to be the party's 2028 presidential election candidate, according to a new poll. Echelon Insights surveyed 1,010 likely voters between November 14 and 18 with a 3.5 point margin of errorâ€¦",Analysis,positive
Is Kamala Harris preparing for a recount against Trump? Campaign mentions â€˜Harris Fight Fundâ€™,"A fundraising initiative linked to Vice President Kamala Harris's campaign has allocated part of the contributions to a ""recount fund.""",Campaign Activity,neutral
What Kamala Harris' Loss Means For Future Women Candidates,The election result marks the second time a Democratic woman has lost to Donald Trump within eight years.,Fallout & Moving Forward,neutral
Oprah Winfrey Responds To Claims She Was Paid 'Personal Fee' To Endorse Kamala Harris,The media mogul addresses accusations about her support for the Democratic presidential nominee.,Celebrity,neutral
"Kamala Harris Finance Mismanagement Claims. What We Know, What We Don't","As Democrats conduct a postmortem on Kamala Harris' campaign following Donald Trump's decisive second-term presidential victory, claims have circulated about her campaign mismanaging the substantial funds it raised. Here's what we know. Did Democrats Spend $1â€¦",Analysis,negative
Kamala Harris paid $1 million to Oprah Winfrey to campaign for her: Report,"Vice President Kamala Harris's campaign is facing a $20 million deficit despite raising substantial funds.  The campaign invested heavily in celebrity endorsements, media appearances, and targeted ad campaigns, including a $1 million payment to Oprah Winfrey'â€¦",Campaign Activity,negative
"Joe Biden, Kamala Harris Appear Together For First Time Since The Election",They observed Veterans Day together by laying a wreath at the Tomb of the Unknown Soldier at Arlington National Cemetery.,Fallout & Moving Forward,neutral
